ImageName,Labels,Prompts,Answers
<PIL.PngImagePlugin.PngImageFile image mode=RGB size=256x256 at 0x7FCEC4703F10>,car_(sedan),"['USER: <image>\nProvide a detailed description of the viewpoint and pose depicted in this sketch, including any unique angles or perspectives.\nASSISTANT:']"," The sketch depicts a side view of a car, with the car's front end facing the viewer. The car is shown in a black and white color scheme, giving it a classic and timeless appearance. The perspective of the sketch is from the side, allowing the viewer to see the car's profile and its various components, such as the hood, grille, and headlights. The car's position in the sketch is slightly tilted, giving"
<PIL.PngImagePlugin.PngImageFile image mode=RGB size=256x256 at 0x7FCEC4701720>,bicycle,"['USER: <image>\nProvide a detailed description of the viewpoint and pose depicted in this sketch, including any unique angles or perspectives.\nASSISTANT:']"," The sketch depicts a black and white image of a bicycle, showcasing the front wheel and handlebars. The bicycle is positioned in a way that it appears to be ridden by a person, with the handlebars and front wheel being the main focus. The unique angle and perspective of the sketch emphasize the details of the bicycle, making it an interesting and artistic representation of the subject."
<PIL.PngImagePlugin.PngImageFile image mode=RGB size=256x256 at 0x7FCEC4701360>,ape,"['USER: <image>\nProvide a detailed description of the viewpoint and pose depicted in this sketch, including any unique angles or perspectives.\nASSISTANT:']"," The sketch depicts a unique viewpoint and pose of a person, possibly a woman, who is bending over and holding her hands up. The person is positioned in a way that their body is almost parallel to the ground, creating an interesting and unconventional angle. The pose suggests that the person is either performing a specific action or simply engaging in a playful or artistic activity. The sketch captures the individual's body posture and the interaction between their hands"
<PIL.PngImagePlugin.PngImageFile image mode=RGB size=256x256 at 0x7FCEC4701600>,racket,"['USER: <image>\nProvide a detailed description of the viewpoint and pose depicted in this sketch, including any unique angles or perspectives.\nASSISTANT:']"," The sketch features a unique perspective of a person holding a magnifying glass. The person is positioned in the center of the image, and the magnifying glass is held in a way that it appears to be a part of the person's body. This creative representation of the magnifying glass as an extension of the person's arm adds an artistic touch to the sketch. The overall composition of the image is simple and focused on the person and the magnifying glass, highlighting the"
<PIL.PngImagePlugin.PngImageFile image mode=RGB size=256x256 at 0x7FCEC4701750>,windmill,"['USER: <image>\nProvide a detailed description of the viewpoint and pose depicted in this sketch, including any unique angles or perspectives.\nASSISTANT:']"," The sketch depicts a unique perspective of a person holding a windmill, with the windmill's blades facing the viewer. The person is positioned in the center of the image, and the windmill is held in a way that it appears to be a part of the person's body. The windmill's blades are visible, and they seem to be a part of the person's arms, creating an interesting and unconventional visual effect. This"
<PIL.PngImagePlugin.PngImageFile image mode=RGB size=256x256 at 0x7FCEC4701450>,rifle,"['USER: <image>\nProvide a detailed description of the viewpoint and pose depicted in this sketch, including any unique angles or perspectives.\nASSISTANT:']"," The image features a black and white sketch of a gun, specifically a rifle. The rifle is prominently displayed in the center of the image, with its barrel facing the viewer. The sketch captures the essence of the gun, showcasing its design and structure. The focus on the rifle highlights its details and creates a sense of depth and perspective in the image."
<PIL.PngImagePlugin.PngImageFile image mode=RGB size=256x256 at 0x7FCEC4700D00>,dolphin,"['USER: <image>\nProvide a detailed description of the viewpoint and pose depicted in this sketch, including any unique angles or perspectives.\nASSISTANT:']"," The sketch depicts a dolphin from a unique perspective, as it is drawn from the dolphin's own viewpoint. This gives the viewer a glimpse into the dolphin's world, as it looks at its own reflection in the water. The dolphin's head is prominently featured in the image, with its eyes and mouth clearly visible. The dolphin's body is also shown, but the main focus is on the"
<PIL.PngImagePlugin.PngImageFile image mode=RGB size=256x256 at 0x7FCEC4700BB0>,fan,"['USER: <image>\nProvide a detailed description of the viewpoint and pose depicted in this sketch, including any unique angles or perspectives.\nASSISTANT:']"," The sketch depicts a unique viewpoint of a person holding a fan, with the fan's blades facing the viewer. This perspective creates an interesting visual effect, as the fan's blades appear to be pointing towards the viewer. The person's arm is positioned in such a way that the fan's blades are clearly visible, while the rest of the person's body is not fully shown. This composition adds an artistic touch to the sketch,"
<PIL.PngImagePlugin.PngImageFile image mode=RGB size=256x256 at 0x7FCEC3425F90>,giraffe,"['USER: <image>\nProvide a detailed description of the viewpoint and pose depicted in this sketch, including any unique angles or perspectives.\nASSISTANT:']"," The image features a black and white sketch of a goat, with a close-up view of its face. The goat is looking directly at the viewer, creating a sense of connection and engagement. The sketch captures the goat's facial features, such as its eyes, nose, and mouth, in a detailed and artistic manner. The unique angle and perspective of the sketch emphasize the goat's face and expression, making it an interesting and captiv"
<PIL.PngImagePlugin.PngImageFile image mode=RGB size=256x256 at 0x7FCEC34266E0>,cat,"['USER: <image>\nProvide a detailed description of the viewpoint and pose depicted in this sketch, including any unique angles or perspectives.\nASSISTANT:']"," The image features a black and white cat sitting on the ground. The cat is positioned in the center of the image, with its body facing the viewer. The cat appears to be relaxed and comfortable in its environment. The sketch captures the cat's unique posture and expression, making it an interesting and engaging subject for the viewer."
<PIL.PngImagePlugin.PngImageFile image mode=RGB size=256x256 at 0x7FCEC4701930>,cat,"['USER: <image>\nProvide a detailed description of the viewpoint and pose depicted in this sketch, including any unique angles or perspectives.\nASSISTANT:']"," The image features a black cat with a long tail, standing on its hind legs. The cat appears to be looking up, possibly at something in the distance or at the viewer. The cat's posture and the way it is looking up adds a sense of curiosity and playfulness to the scene. The sketch captures the cat's unique and dynamic pose, making it an interesting and engaging subject for the viewer."
<PIL.PngImagePlugin.PngImageFile image mode=RGB size=256x256 at 0x7FCEC3425FC0>,violin,"['USER: <image>\nProvide a detailed description of the viewpoint and pose depicted in this sketch, including any unique angles or perspectives.\nASSISTANT:']"," The sketch depicts a close-up view of a person holding a guitar. The person is standing in front of the guitar, with the instrument prominently featured in the scene. The pose suggests that the individual is either preparing to play the guitar or has just finished playing. The unique angle and perspective of the sketch emphasize the guitar as the central focus, highlighting its importance in the image."
<PIL.PngImagePlugin.PngImageFile image mode=RGB size=256x256 at 0x7FCEC4703EE0>,pretzel,"['USER: <image>\nProvide a detailed description of the viewpoint and pose depicted in this sketch, including any unique angles or perspectives.\nASSISTANT:']"," The sketch depicts a unique perspective of a person's ear, with the ear being the main focus of the image. The ear is shown from the side, providing a detailed view of its structure and shape. The drawing is done in black and white, which adds a sense of depth and contrast to the image. The sketch captures the intricate details of the ear, making it an interesting and artistic representation of the human body."
<PIL.PngImagePlugin.PngImageFile image mode=RGB size=256x256 at 0x7FCEC3426050>,teddy_bear,"['USER: <image>\nProvide a detailed description of the viewpoint and pose depicted in this sketch, including any unique angles or perspectives.\nASSISTANT:']"," The image features a black and white sketch of a dog sitting on the ground. The dog is positioned in the center of the image, with its legs spread out. The sketch captures the dog's relaxed posture, giving the impression of a casual and comfortable setting. The unique angle and perspective of the sketch emphasize the dog's body language and the overall atmosphere of the scene."
<PIL.PngImagePlugin.PngImageFile image mode=RGB size=256x256 at 0x7FCEC3425E10>,sword,"['USER: <image>\nProvide a detailed description of the viewpoint and pose depicted in this sketch, including any unique angles or perspectives.\nASSISTANT:']"," The sketch depicts a person holding a sword, with the sword's blade pointing upwards. The person is standing in a defensive stance, with the sword held in front of them. The pose suggests that the person is prepared to engage in a fight or a training session. The unique angle of the sword's blade upwards adds an element of visual interest to the sketch."
<PIL.PngImagePlugin.PngImageFile image mode=RGB size=256x256 at 0x7FCEC3427D90>,dog,"['USER: <image>\nProvide a detailed description of the viewpoint and pose depicted in this sketch, including any unique angles or perspectives.\nASSISTANT:']"," The sketch depicts a dog's head and neck, with the dog's mouth open, as if it is yawning or barking. The dog's head is positioned towards the left side of the image, and its neck extends towards the right side. The unique angle of the sketch is that it is a close-up of the dog's head and neck, focusing on the details of the dog's facial features and the muscles in its"
<PIL.PngImagePlugin.PngImageFile image mode=RGB size=256x256 at 0x7FCEC3426B00>,castle,"['USER: <image>\nProvide a detailed description of the viewpoint and pose depicted in this sketch, including any unique angles or perspectives.\nASSISTANT:']"," The sketch depicts a black and white drawing of a castle, with a unique perspective of the castle from the side. The drawing is a simple, minimalistic representation of the castle, focusing on its main features such as the towers and the overall structure. The sketch captures the essence of the castle without going into too much detail, emphasizing its architectural elements and the overall composition of the image."
<PIL.PngImagePlugin.PngImageFile image mode=RGB size=256x256 at 0x7FCEC34256F0>,hamburger,"['USER: <image>\nProvide a detailed description of the viewpoint and pose depicted in this sketch, including any unique angles or perspectives.\nASSISTANT:']"," The sketch depicts a unique perspective of a hamburger, as it is drawn from the inside out. This creative approach showcases the layers of the sandwich, including the bun, meat, and cheese, while also emphasizing the overall structure of the burger. The drawing captures the essence of the hamburger, making it an interesting and artistic representation of the popular fast food item."
<PIL.PngImagePlugin.PngImageFile image mode=RGB size=256x256 at 0x7FCEC3426020>,frog,"['USER: <image>\nProvide a detailed description of the viewpoint and pose depicted in this sketch, including any unique angles or perspectives.\nASSISTANT:']"," The sketch depicts a unique viewpoint of a bird, specifically a frog, sitting on a branch. The bird is shown from a side view, with its legs and feet prominently visible. The bird's body is positioned in a way that it appears to be sitting on the branch, giving the impression of a human-like pose. This creative and imaginative representation of the bird adds a touch of whimsy and artistic expression to the sketch."
<PIL.PngImagePlugin.PngImageFile image mode=RGB size=256x256 at 0x7FCFEB78D7E0>,hamburger,"['USER: <image>\nProvide a detailed description of the viewpoint and pose depicted in this sketch, including any unique angles or perspectives.\nASSISTANT:']"," The image is a black and white sketch of a hamburger, showcasing a close-up view of the sandwich. The hamburger is placed on a bun, and the sandwich is filled with meat and vegetables. The sketch captures the essence of the hamburger, highlighting its main ingredients and textures. The focus on the hamburger's details and the absence of color create a more artistic and visually appealing representation"
<PIL.PngImagePlugin.PngImageFile image mode=RGB size=256x256 at 0x7FCEC34266B0>,hat,"['USER: <image>\nProvide a detailed description of the viewpoint and pose depicted in this sketch, including any unique angles or perspectives.\nASSISTANT:']"," The image features a sketch of a person, likely a woman, with an angelic appearance. The person is depicted in a unique and artistic way, with a cloud-like shape surrounding them. This creative representation adds a sense of whimsy and imagination to the sketch. The overall composition of the image is visually appealing and thought-provoking."
<PIL.PngImagePlugin.PngImageFile image mode=RGB size=256x256 at 0x7FCEC4700C40>,crab,"['USER: <image>\nProvide a detailed description of the viewpoint and pose depicted in this sketch, including any unique angles or perspectives.\nASSISTANT:']"," The sketch depicts a close-up view of a crab, with a focus on its claws and body. The crab is shown in a side view, giving a detailed perspective of its structure. The claws are prominently displayed, showcasing their strength and functionality. The overall composition of the sketch emphasizes the intricate details of the crab's anatomy, making it an interesting and informative piece of art."
<PIL.PngImagePlugin.PngImageFile image mode=RGB size=256x256 at 0x7FCEC3427DC0>,raccoon,"['USER: <image>\nProvide a detailed description of the viewpoint and pose depicted in this sketch, including any unique angles or perspectives.\nASSISTANT:']"," The image features a black and white cat, likely a tiger cat, walking across a white background. The cat is captured in a side view, giving a sense of depth and movement to the scene. The cat appears to be walking in a straight line, possibly towards something or exploring its surroundings. The simplicity of the background and the focus on the cat's movement and posture create a visually appealing and dynamic sketch."
<PIL.PngImagePlugin.PngImageFile image mode=RGB size=256x256 at 0x7FCEC3427730>,alarm_clock,"['USER: <image>\nProvide a detailed description of the viewpoint and pose depicted in this sketch, including any unique angles or perspectives.\nASSISTANT:']"," The image features a clock drawing, which is a black and white sketch of a clock. The clock is prominently displayed in the center of the drawing, with its hands pointing at the numbers. The clock's face is the main focus of the sketch, and it is depicted in a clear and detailed manner. The drawing captures the essence of a clock, showcasing its design and structure."
<PIL.PngImagePlugin.PngImageFile image mode=RGB size=256x256 at 0x7FCEC46FA8C0>,candle,"['USER: <image>\nProvide a detailed description of the viewpoint and pose depicted in this sketch, including any unique angles or perspectives.\nASSISTANT:']"," The image features a black and white sketch of a lit candle in a white background. The candle is depicted in a close-up view, with the flame clearly visible. The candle is positioned in the center of the image, and the overall composition creates a sense of depth and focus on the subject. The simplicity of the scene, with only the candle and the white background, emphasizes the contrast between the lit candle and the surrounding emptiness."
<PIL.PngImagePlugin.PngImageFile image mode=RGB size=256x256 at 0x7FCEC3424190>,bell,"['USER: <image>\nProvide a detailed description of the viewpoint and pose depicted in this sketch, including any unique angles or perspectives.\nASSISTANT:']"," The image is a black and white sketch of a person holding a toothbrush. The person is positioned in the center of the image, with the toothbrush held in their hand. The toothbrush is located towards the bottom right corner of the sketch, and the person's arm is extended to hold it. The sketch captures a simple and everyday scene, showcasing the act of brushing one's teeth."
<PIL.PngImagePlugin.PngImageFile image mode=RGB size=256x256 at 0x7FCEC34276A0>,helicopter,"['USER: <image>\nProvide a detailed description of the viewpoint and pose depicted in this sketch, including any unique angles or perspectives.\nASSISTANT:']"," The sketch depicts a helicopter flying in the air, with its landing gear down. The helicopter is shown from a side view, giving a clear perspective of its structure and the landing gear. The drawing is in black and white, which adds a sense of depth and contrast to the image. The helicopter's position in the sky suggests that it is either preparing for takeoff or has recently landed. The unique angle and perspective of the helic"
<PIL.PngImagePlugin.PngImageFile image mode=RGB size=256x256 at 0x7FCEC3427610>,raccoon,"['USER: <image>\nProvide a detailed description of the viewpoint and pose depicted in this sketch, including any unique angles or perspectives.\nASSISTANT:']"," The image features a black and white cat sitting on the ground. The cat appears to be looking at something, possibly a person or another animal. The cat's posture suggests that it is relaxed and comfortable in its environment. The sketch captures the cat's unique features, such as its long tail and its attentive gaze. The overall composition of the image creates a sense of curiosity and interest in the viewer."
<PIL.PngImagePlugin.PngImageFile image mode=RGB size=256x256 at 0x7FCEC3425930>,banana,"['USER: <image>\nProvide a detailed description of the viewpoint and pose depicted in this sketch, including any unique angles or perspectives.\nASSISTANT:']"," The image features a sketch of a banana, likely drawn by a child. The banana is depicted in a unique angle, as it is shown from the side, rather than the typical front view. This perspective adds a creative and artistic touch to the drawing. The sketch captures the essence of the banana, showcasing its shape and texture, while also demonstrating the artist's skill in capturing the subject from a different perspective."
<PIL.PngImagePlugin.PngImageFile image mode=RGB size=256x256 at 0x7FCEC3427700>,cow,"['USER: <image>\nProvide a detailed description of the viewpoint and pose depicted in this sketch, including any unique angles or perspectives.\nASSISTANT:']"," The image features a sketch of a dog's head, with a close-up view of the dog's face. The dog appears to be looking down, possibly at the ground or a lower point of interest. The sketch captures the dog's facial features, such as the eyes, nose, and mouth, in a detailed and artistic manner. The unique angle and perspective of the sketch emphasize the dog's face and expression, creating a captivating and realistic"
<PIL.PngImagePlugin.PngImageFile image mode=RGB size=256x256 at 0x7FCEC3426D70>,duck,"['USER: <image>\nProvide a detailed description of the viewpoint and pose depicted in this sketch, including any unique angles or perspectives.\nASSISTANT:']"," The sketch depicts a duck sitting on a log or a branch, with its head tilted to the side. The viewpoint is from a sideways angle, capturing the duck's unique posture and the surrounding environment. The sketch is a black and white drawing, which adds a sense of depth and contrast to the image. The focus on the duck's posture and the surrounding environment creates a visually interesting and artistic representation of the scene."
<PIL.PngImagePlugin.PngImageFile image mode=RGB size=256x256 at 0x7FCEC3427670>,window,"['USER: <image>\nProvide a detailed description of the viewpoint and pose depicted in this sketch, including any unique angles or perspectives.\nASSISTANT:']"," The sketch depicts a square grid with four squares, each occupying a different corner of the grid. The grid is black and white, giving it a simple and clean appearance. The unique angle and perspective in this sketch is the focus on the grid itself, rather than the objects or elements within the squares. The grid serves as the main subject, and the viewer's attention is drawn to the pattern and structure of the squares, rather than the objects or scenes that might typically be found"
<PIL.PngImagePlugin.PngImageFile image mode=RGB size=256x256 at 0x7FCEC3426BC0>,blimp,"['USER: <image>\nProvide a detailed description of the viewpoint and pose depicted in this sketch, including any unique angles or perspectives.\nASSISTANT:']"," The image features a black and white sketch of a fish, likely a shark, with a close-up view of its head. The fish is shown in a side view, giving the viewer a detailed look at its features. The sketch captures the essence of the fish, highlighting its unique characteristics and anatomy. The artist's choice of black and white coloration adds a sense of depth and contrast to the image, making it visually striking."
<PIL.PngImagePlugin.PngImageFile image mode=RGB size=256x256 at 0x7FCEC3427640>,alarm_clock,"['USER: <image>\nProvide a detailed description of the viewpoint and pose depicted in this sketch, including any unique angles or perspectives.\nASSISTANT:']"," The sketch depicts a close-up view of a cell phone, showcasing its buttons and screen. The cell phone is positioned in the center of the image, with the screen facing the viewer. The buttons are spread out around the device, with some located closer to the top and others near the bottom. The overall composition of the sketch emphasizes the details of the cell phone, capturing its design and features."
<PIL.PngImagePlugin.PngImageFile image mode=RGB size=256x256 at 0x7FCEC34258A0>,rhinoceros,"['USER: <image>\nProvide a detailed description of the viewpoint and pose depicted in this sketch, including any unique angles or perspectives.\nASSISTANT:']"," The image features a black and white sketch of a rhinoceros, showcasing its head and neck. The rhinoceros is captured in a unique perspective, as it appears to be looking down at the viewer. The sketch is a close-up of the animal's head, emphasizing its distinctive features such as the large horns and the wrinkled skin. The overall composition of the sketch creates a sense of depth and intrigue, as the viewer is"
<PIL.PngImagePlugin.PngImageFile image mode=RGB size=256x256 at 0x7FCEC3427760>,trumpet,"['USER: <image>\nProvide a detailed description of the viewpoint and pose depicted in this sketch, including any unique angles or perspectives.\nASSISTANT:']"," The image features a black and white sketch of a trombone, with a unique perspective. The trombone is shown from the side, with the instrument's bell facing the viewer. This perspective allows the viewer to see the intricate details of the trombone's design and structure. The sketch captures the essence of the trombone, showcasing its shape and form, while also emphasizing the importance of the bell in the overall sound production."
<PIL.PngImagePlugin.PngImageFile image mode=RGB size=256x256 at 0x7FCEC3426D10>,armor,"['USER: <image>\nProvide a detailed description of the viewpoint and pose depicted in this sketch, including any unique angles or perspectives.\nASSISTANT:']"," The image features a black and white sketch of a person wearing a suit and tie. The person is standing in a pose that resembles a mannequin, with the suit and tie clearly visible. The sketch captures the person's upper body, including the shoulders, chest, and neck, while the lower body is not visible. The unique angle of the sketch emphasizes the upper body and the suit and tie, creating a distinctive and artistic representation of the person'"
<PIL.PngImagePlugin.PngImageFile image mode=RGB size=256x256 at 0x7FCEC34267A0>,ant,"['USER: <image>\nProvide a detailed description of the viewpoint and pose depicted in this sketch, including any unique angles or perspectives.\nASSISTANT:']"," The sketch features a unique perspective, as it is a black and white drawing of a person riding a bicycle. The person is shown from a side view, with the bicycle prominently displayed in the foreground. The focus of the image is on the person and the bicycle, creating a sense of motion and action. The black and white color scheme adds a sense of timelessness and artistic expression to the scene."
<PIL.PngImagePlugin.PngImageFile image mode=RGB size=256x256 at 0x7FCEC3426B30>,snail,"['USER: <image>\nProvide a detailed description of the viewpoint and pose depicted in this sketch, including any unique angles or perspectives.\nASSISTANT:']"," The sketch depicts a side view of a slug or snail, with its body curled up and its head facing the viewer. The slug is shown in a black and white color scheme, which adds a sense of depth and contrast to the image. The unique angle and perspective of the sketch emphasize the slug's curled-up body and its position on the ground, giving the viewer a glimpse into the slug's natural habitat."
<PIL.PngImagePlugin.PngImageFile image mode=RGB size=256x256 at 0x7FCEC3426AA0>,jellyfish,"['USER: <image>\nProvide a detailed description of the viewpoint and pose depicted in this sketch, including any unique angles or perspectives.\nASSISTANT:']"," The sketch depicts a unique perspective of a person's hand holding a toothbrush. The toothbrush is shown in a close-up view, with its bristles clearly visible. The hand is positioned in a way that it appears to be holding the toothbrush, as if the viewer is looking down at the hand and the toothbrush. This creative and unconventional viewpoint adds an artistic touch to the sketch,"
<PIL.PngImagePlugin.PngImageFile image mode=RGB size=256x256 at 0x7FCEC3425B40>,deer,"['USER: <image>\nProvide a detailed description of the viewpoint and pose depicted in this sketch, including any unique angles or perspectives.\nASSISTANT:']"," The image features a black and white sketch of a deer, with a unique perspective of the animal's head and neck. The deer is shown from the side, with its head and neck prominently displayed. The sketch captures the deer's facial features and the surrounding environment, providing a detailed and artistic representation of the animal."
<PIL.PngImagePlugin.PngImageFile image mode=RGB size=256x256 at 0x7FCEC34276D0>,tree,"['USER: <image>\nProvide a detailed description of the viewpoint and pose depicted in this sketch, including any unique angles or perspectives.\nASSISTANT:']"," The sketch depicts a tree with a few leaves, and it appears to be a black and white drawing. The tree is shown from a unique perspective, as it is viewed from the bottom up. This creates an interesting visual effect, as it emphasizes the trunk and roots of the tree, rather than the typical top-down view of a tree. The drawing captures the essence of the tree's structure and the surrounding environment, making it a captivating piece of art"
<PIL.PngImagePlugin.PngImageFile image mode=RGB size=256x256 at 0x7FCEC3426950>,bench,"['USER: <image>\nProvide a detailed description of the viewpoint and pose depicted in this sketch, including any unique angles or perspectives.\nASSISTANT:']"," The sketch features a unique perspective of a person's hand holding a tennis racket. The hand is positioned in a way that it appears to be holding the racket, but the actual racket is not visible in the image. The focus is on the hand and the tennis racket, creating an interesting and artistic representation of the sport."
<PIL.PngImagePlugin.PngImageFile image mode=RGB size=256x256 at 0x7FCEC3425D20>,wheelchair,"['USER: <image>\nProvide a detailed description of the viewpoint and pose depicted in this sketch, including any unique angles or perspectives.\nASSISTANT:']"," The image features a bicycle with a basket, sitting on a white background. The bicycle is positioned in the center of the scene, and the basket is prominently displayed. The perspective of the image is a close-up view, focusing on the bicycle and its accessories. The overall composition of the image is simple and clean, with no additional elements or distractions."
<PIL.PngImagePlugin.PngImageFile image mode=RGB size=256x256 at 0x7FCEC34252D0>,fan,"['USER: <image>\nProvide a detailed description of the viewpoint and pose depicted in this sketch, including any unique angles or perspectives.\nASSISTANT:']"," The sketch features a unique perspective, as it is a black and white drawing of a person holding a pair of scissors. The person is shown from the back, with the scissors in their hand. The drawing captures the essence of the person's action, emphasizing the scissors as the main focus. The simplicity of the drawing, with only the person and the scissors, adds to the artistic quality of the sketch."
<PIL.PngImagePlugin.PngImageFile image mode=RGB size=256x256 at 0x7FCEC33E6E60>,strawberry,"['USER: <image>\nProvide a detailed description of the viewpoint and pose depicted in this sketch, including any unique angles or perspectives.\nASSISTANT:']"," The sketch depicts a side view of a strawberry, with the top of the fruit facing the viewer. The strawberry is shown in a close-up perspective, emphasizing its texture and details. The drawing is done in a simple, black and white style, which adds a sense of simplicity and elegance to the image. The focus on the strawberry's shape and texture creates a visually appealing and artistic representation of the fruit."
<PIL.PngImagePlugin.PngImageFile image mode=RGB size=256x256 at 0x7FCEC3425D80>,shark,"['USER: <image>\nProvide a detailed description of the viewpoint and pose depicted in this sketch, including any unique angles or perspectives.\nASSISTANT:']"," The sketch depicts a shark from a unique perspective, as it is drawn from the shark's own viewpoint. This creates a sense of depth and immersion, as the viewer experiences the shark's perspective on its surroundings. The shark is shown in a dynamic pose, with its mouth open, possibly indicating that it is in the process of catching prey or simply swimming through the water. The sketch captures the shark's powerful"
<PIL.PngImagePlugin.PngImageFile image mode=RGB size=256x256 at 0x7FCEC34250C0>,duck,"['USER: <image>\nProvide a detailed description of the viewpoint and pose depicted in this sketch, including any unique angles or perspectives.\nASSISTANT:']"," The sketch depicts a duck in a sitting position, with its head tilted to the side. The duck is facing the viewer, and its body is positioned in a way that it appears to be looking at the viewer. The duck's posture and facial expression give the impression that it is curious or attentive to the viewer's presence. The sketch captures a unique angle and perspective, as it is not a common sight to"
<PIL.PngImagePlugin.PngImageFile image mode=RGB size=256x256 at 0x7FCEC3426920>,candle,"['USER: <image>\nProvide a detailed description of the viewpoint and pose depicted in this sketch, including any unique angles or perspectives.\nASSISTANT:']"," The image features a close-up view of a lit candle in a glass holder. The candle is placed in the center of the scene, and the glass holder is positioned slightly to the left. The perspective of the image is a side view, capturing the candle and the glass holder from the side. The focus of the sketch is on the candle and its flame, creating a sense of warmth and tranquility."
<PIL.PngImagePlugin.PngImageFile image mode=RGB size=256x256 at 0x7FCEC3425A20>,deer,"['USER: <image>\nProvide a detailed description of the viewpoint and pose depicted in this sketch, including any unique angles or perspectives.\nASSISTANT:']"," The image features a black and white sketch of a deer with antlers. The deer is depicted in a unique angle, as it is shown from the back, with its head turned to the side. This perspective provides a glimpse of the deer's profile, showcasing its antlers and the overall shape of its body. The sketch captures the deer's posture and the intricate details of its antlers, making it an interesting and artistic"
<PIL.PngImagePlugin.PngImageFile image mode=RGB size=256x256 at 0x7FCEC3425630>,pretzel,"['USER: <image>\nProvide a detailed description of the viewpoint and pose depicted in this sketch, including any unique angles or perspectives.\nASSISTANT:']"," The sketch features a close-up view of a hot dog, with a unique perspective that emphasizes the hot dog's shape and texture. The hot dog is depicted as a large, curved, and twisted piece of food, giving it a distinct and appetizing appearance. The focus on the hot dog's shape and texture adds a sense of realism and detail to the image, making it an interesting and visually appealing piece of art."
<PIL.PngImagePlugin.PngImageFile image mode=RGB size=256x256 at 0x7FCEC3424A90>,scorpion,"['USER: <image>\nProvide a detailed description of the viewpoint and pose depicted in this sketch, including any unique angles or perspectives.\nASSISTANT:']"," The sketch depicts a unique perspective of a crab, with the crab's claws and legs prominently displayed. The crab is shown in a side view, giving the viewer a glimpse of its underside. The crab's claws are open, revealing the intricate details of its pincers. The overall composition of the sketch creates a sense of depth and complexity, showcasing the crab's anatomy and structure"
<PIL.PngImagePlugin.PngImageFile image mode=RGB size=256x256 at 0x7FCEC3426D40>,bear,"['USER: <image>\nProvide a detailed description of the viewpoint and pose depicted in this sketch, including any unique angles or perspectives.\nASSISTANT:']"," The sketch features a unique perspective, as it is a drawing of a person's head and shoulders, but the rest of the body is missing. The focus is on the head and shoulders, with the person's face and eyes being the main features. The drawing is in black and white, which adds to the artistic and creative nature of the sketch. The artist has captured the essence of the subject, emphasizing the head and shoulders while leaving the rest of the body to the"
<PIL.PngImagePlugin.PngImageFile image mode=RGB size=256x256 at 0x7FCEC34268F0>,cannon,"['USER: <image>\nProvide a detailed description of the viewpoint and pose depicted in this sketch, including any unique angles or perspectives.\nASSISTANT:']"," The sketch depicts a unique perspective of a wheel and a handle, possibly a part of a cart or a vehicle. The handle is positioned at the top of the wheel, and the wheel is shown in a side view. This creative and unconventional representation of a wheel and handle adds an artistic touch to the image. The sketch might be a part of a larger drawing or a standalone piece, showcasing the artist's skill in capturing a complex and"
<PIL.PngImagePlugin.PngImageFile image mode=RGB size=256x256 at 0x7FCEC3424EB0>,helicopter,"['USER: <image>\nProvide a detailed description of the viewpoint and pose depicted in this sketch, including any unique angles or perspectives.\nASSISTANT:']"," The sketch depicts a helicopter flying in the air, with a unique perspective from the side of the helicopter. The helicopter is shown from the side, giving a clear view of its structure and the pilot's cockpit. The helicopter is flying in the air, possibly during a training exercise or a real-life mission. The sketch captures the dynamic nature of the helicopter in motion, showcasing its impressive capabilities and the skill"
<PIL.PngImagePlugin.PngImageFile image mode=RGB size=256x256 at 0x7FCEC3426170>,pineapple,"['USER: <image>\nProvide a detailed description of the viewpoint and pose depicted in this sketch, including any unique angles or perspectives.\nASSISTANT:']"," The sketch depicts a pineapple from a unique angle, as it is drawn from the top of the pineapple. This perspective provides a different view of the pineapple, focusing on its top and the surrounding area. The drawing is in black and white, which adds to the artistic and creative aspect of the sketch."
<PIL.PngImagePlugin.PngImageFile image mode=RGB size=256x256 at 0x7FCEC3425BD0>,ape,"['USER: <image>\nProvide a detailed description of the viewpoint and pose depicted in this sketch, including any unique angles or perspectives.\nASSISTANT:']"," The image features a man with his mouth open, possibly making a funny or surprised face. The man's facial expression is the main focus of the sketch. The pose and viewpoint of the man are captured in a black and white style, which adds a sense of nostalgia or artistic expression to the image. The man's open mouth and the overall composition of the sketch create a sense of humor or playfulness."
<PIL.PngImagePlugin.PngImageFile image mode=RGB size=256x256 at 0x7FCEC3425A50>,hedgehog,"['USER: <image>\nProvide a detailed description of the viewpoint and pose depicted in this sketch, including any unique angles or perspectives.\nASSISTANT:']"," The sketch depicts a unique perspective of a large animal, possibly a lizard or a large insect, as it lays on the ground. The viewpoint is from the animal's own perspective, as if it were looking at its own body. The animal's body is shown in a side view, with its legs and tail visible. The sketch captures the animal's size and shape, giving the viewer a sense of the animal's scale and proportions."
<PIL.PngImagePlugin.PngImageFile image mode=RGB size=256x256 at 0x7FCEC3426A10>,snake,"['USER: <image>\nProvide a detailed description of the viewpoint and pose depicted in this sketch, including any unique angles or perspectives.\nASSISTANT:']"," The image features a unique and creative sketch of a snake. The snake is depicted in a sideways view, with its head positioned at the top of the image and its tail extending downwards. The snake's body is curled up, giving the impression of a coiled-up snake. The sketch is done in black and white, which adds to the artistic and intriguing nature of the image."
<PIL.PngImagePlugin.PngImageFile image mode=RGB size=256x256 at 0x7FCEC3426CE0>,umbrella,"['USER: <image>\nProvide a detailed description of the viewpoint and pose depicted in this sketch, including any unique angles or perspectives.\nASSISTANT:']"," The image features a black and white sketch of a leaf, possibly a flower or a leafy plant. The leaf is depicted in a close-up view, with a unique angle that emphasizes its shape and texture. The sketch is a simple, minimalistic representation of the leaf, focusing on its form and structure rather than any additional details or background."
<PIL.PngImagePlugin.PngImageFile image mode=RGB size=256x256 at 0x7FCEC3426980>,windmill,"['USER: <image>\nProvide a detailed description of the viewpoint and pose depicted in this sketch, including any unique angles or perspectives.\nASSISTANT:']"," The sketch depicts a unique perspective of a windmill, with the focus on the windmill's blades. The viewpoint is from the side, showing the blades' structure and design. The pose of the windmill is such that it appears to be a simple, minimalistic drawing, emphasizing the blades' shape and form. The overall composition of the sketch is simple and clean, with the main focus on the windmill's blades."
<PIL.PngImagePlugin.PngImageFile image mode=RGB size=256x256 at 0x7FCEC34269B0>,hamburger,"['USER: <image>\nProvide a detailed description of the viewpoint and pose depicted in this sketch, including any unique angles or perspectives.\nASSISTANT:']"," The sketch depicts a close-up view of a hamburger, showcasing its details and texture. The hamburger is placed on a dining table, which is the main focus of the scene. The perspective of the sketch is a side view, allowing the viewer to appreciate the hamburger's structure and ingredients. The image is in black and white, giving it a classic and timeless feel."
<PIL.PngImagePlugin.PngImageFile image mode=RGB size=256x256 at 0x7FCEC3425C30>,piano,"['USER: <image>\nProvide a detailed description of the viewpoint and pose depicted in this sketch, including any unique angles or perspectives.\nASSISTANT:']"," The sketch depicts a unique perspective of a person's body, focusing on the back and the back of the knee. The image is a black and white drawing, which adds a sense of artistic expression. The artist has captured the back of the knee, which is an uncommon viewpoint, as people typically focus on the front or side of the body. The sketch also includes a ruler, which could be used to measure the length of the back or the distance"
<PIL.PngImagePlugin.PngImageFile image mode=RGB size=256x256 at 0x7FCEC3425AB0>,duck,"['USER: <image>\nProvide a detailed description of the viewpoint and pose depicted in this sketch, including any unique angles or perspectives.\nASSISTANT:']"," The sketch depicts a bird, specifically a duck, sitting on a surface. The bird is facing the viewer, giving a sense of the bird looking directly at the observer. The bird's posture and positioning suggest that it is calmly resting or observing its surroundings. The sketch captures the bird's unique features, such as its beak and feathers, providing a detailed and realistic representation of the bird."
<PIL.PngImagePlugin.PngImageFile image mode=RGB size=256x256 at 0x7FCEC3425D50>,camel,"['USER: <image>\nProvide a detailed description of the viewpoint and pose depicted in this sketch, including any unique angles or perspectives.\nASSISTANT:']"," The sketch depicts a unique perspective of a camel, as it is drawn from the backside. This viewpoint provides a different angle than the typical front view of a camel. The camel is shown in a sideways position, with its legs and tail visible. The drawing is in black and white, which adds to the artistic and creative nature of the sketch."
<PIL.PngImagePlugin.PngImageFile image mode=RGB size=256x256 at 0x7FCEC34269E0>,bicycle,"['USER: <image>\nProvide a detailed description of the viewpoint and pose depicted in this sketch, including any unique angles or perspectives.\nASSISTANT:']"," The image is a black and white sketch of a bicycle, showcasing a unique perspective of the bicycle's wheel. The sketch captures the bicycle's wheel from the side, providing a detailed view of the spokes and the bicycle's structure. The focus on the wheel highlights the craftsmanship and design of the bicycle, offering a different viewpoint than a typical front or side view of the entire bike."
<PIL.PngImagePlugin.PngImageFile image mode=RGB size=256x256 at 0x7FCEC3426680>,church,"['USER: <image>\nProvide a detailed description of the viewpoint and pose depicted in this sketch, including any unique angles or perspectives.\nASSISTANT:']"," The viewpoint in this sketch is a side view of a large building, possibly a castle or a church. The building is depicted in black and white, giving it a more dramatic and artistic appearance. The perspective is from the side, allowing the viewer to see the architectural details and the overall structure of the building. The sketch captures the essence of the building, emphasizing its grandeur and historical significance."
<PIL.PngImagePlugin.PngImageFile image mode=RGB size=256x256 at 0x7FCEC3426590>,shoe,"['USER: <image>\nProvide a detailed description of the viewpoint and pose depicted in this sketch, including any unique angles or perspectives.\nASSISTANT:']"," The image features a black and white sketch of a person wearing a white shoe. The shoe is prominently displayed in the foreground, with the rest of the person's body not visible. The focus of the sketch is on the shoe, capturing its details and texture. The unique angle and perspective of the sketch emphasize the shoe as the main subject, creating a visually interesting composition."
<PIL.PngImagePlugin.PngImageFile image mode=RGB size=256x256 at 0x7FCEC3425B10>,skyscraper,"['USER: <image>\nProvide a detailed description of the viewpoint and pose depicted in this sketch, including any unique angles or perspectives.\nASSISTANT:']"," The sketch depicts a unique perspective of a building, possibly a skyscraper, with a clock tower on top. The building is shown from a side view, with the clock tower being the focal point. The clock tower is situated at the top of the building, and the sketch captures the essence of the structure. The overall composition of the sketch is simple and minimalistic, emphasizing the architectural details of the building."
<PIL.PngImagePlugin.PngImageFile image mode=RGB size=256x256 at 0x7FCEC34261D0>,geyser,"['USER: <image>\nProvide a detailed description of the viewpoint and pose depicted in this sketch, including any unique angles or perspectives.\nASSISTANT:']"," The image features a close-up view of a plant with long, thin stems. The plant appears to be a type of grass or a similar plant, with its stems extending outwards. The perspective of the image is from the side, allowing the viewer to see the plant's structure and details clearly. The plant's stems are the main focus of the sketch, and the overall composition of the image is simple and straightforward."
<PIL.PngImagePlugin.PngImageFile image mode=RGB size=256x256 at 0x7FCEC3426A40>,fan,"['USER: <image>\nProvide a detailed description of the viewpoint and pose depicted in this sketch, including any unique angles or perspectives.\nASSISTANT:']"," The image features a black and white sketch of a fan, likely a ceiling fan, with a unique perspective. The fan is shown from the top, giving a clear view of its structure and blades. The sketch is a close-up of the fan, allowing the viewer to appreciate the details of its design and construction. The focus on the fan's structure and the absence of any other objects in the scene emphasizes the fan as the main subject of the sketch."
<PIL.PngImagePlugin.PngImageFile image mode=RGB size=256x256 at 0x7FCEC3425C00>,butterfly,"['USER: <image>\nProvide a detailed description of the viewpoint and pose depicted in this sketch, including any unique angles or perspectives.\nASSISTANT:']"," The image features a sketch of a butterfly, likely drawn by a child. The butterfly is depicted in a unique angle, as it is shown from the side, rather than the traditional front view. The butterfly is positioned in the center of the image, with its wings spread out, giving the impression of a dynamic and lively scene. The sketch captures the essence of the butterfly, showcasing its intricate patterns and the beauty of its"
<PIL.PngImagePlugin.PngImageFile image mode=RGB size=256x256 at 0x7FCEC3426650>,deer,"['USER: <image>\nProvide a detailed description of the viewpoint and pose depicted in this sketch, including any unique angles or perspectives.\nASSISTANT:']"," The sketch depicts a unique perspective of a horse, as it is drawn from the backside. This viewpoint provides a different angle than the typical front-facing representation of a horse. The horse's legs are prominently visible, and the artist has captured the horse's tail and mane, adding to the realism of the scene. The sketch showcases the artist's ability to capture the horse's form and structure from an unconventional angle."
<PIL.PngImagePlugin.PngImageFile image mode=RGB size=256x256 at 0x7FCEC3426AD0>,chair,"['USER: <image>\nProvide a detailed description of the viewpoint and pose depicted in this sketch, including any unique angles or perspectives.\nASSISTANT:']"," The image is a black and white sketch of a wooden chair, showcasing its back and seat. The chair is positioned in the center of the image, with the back facing the viewer. The unique angle of the sketch emphasizes the chair's design and structure, highlighting its wooden material and the way it is constructed. The black and white color scheme adds a sense of timelessness and elegance to the scene."
<PIL.PngImagePlugin.PngImageFile image mode=RGB size=256x256 at 0x7FCEC3426440>,windmill,"['USER: <image>\nProvide a detailed description of the viewpoint and pose depicted in this sketch, including any unique angles or perspectives.\nASSISTANT:']"," The sketch depicts a unique perspective of a windmill, with the focus on the windmill's blades. The viewpoint is from the side, showing the blades in a close-up manner. The windmill is positioned in the center of the image, and the blades are captured in detail, emphasizing their structure and design. The sketch captures the essence of the windmill's function and the engineering behind it."
<PIL.PngImagePlugin.PngImageFile image mode=RGB size=256x256 at 0x7FCEC34263E0>,squirrel,"['USER: <image>\nProvide a detailed description of the viewpoint and pose depicted in this sketch, including any unique angles or perspectives.\nASSISTANT:']"," The sketch features a horse with its head tilted down, possibly looking at the ground or a specific point. The horse's head is positioned towards the bottom of the image, creating a unique perspective that emphasizes the horse's neck and head area. The overall composition of the sketch is focused on the horse's head and neck, capturing the viewer's attention and showcasing the horse's posture and expression."
<PIL.PngImagePlugin.PngImageFile image mode=RGB size=256x256 at 0x7FCEC3427E20>,jellyfish,"['USER: <image>\nProvide a detailed description of the viewpoint and pose depicted in this sketch, including any unique angles or perspectives.\nASSISTANT:']"," The sketch depicts a close-up view of a jellyfish, showcasing its unique and intricate structure. The drawing is in black and white, which adds a sense of depth and contrast to the image. The perspective of the sketch is focused on the top of the jellyfish, providing a detailed view of its tentacles and bell. This unique angle allows the viewer to appreciate the intricate details of the jellyfish, making the sketch an interesting and informative"
<PIL.PngImagePlugin.PngImageFile image mode=RGB size=256x256 at 0x7FCEC3426620>,flower,"['USER: <image>\nProvide a detailed description of the viewpoint and pose depicted in this sketch, including any unique angles or perspectives.\nASSISTANT:']"," The image features a black and white sketch of a flower, likely a daisy, with a unique perspective. The flower is depicted in a close-up view, focusing on the details of the petals and the center. The sketch captures the beauty of the flower, highlighting its intricate structure and textures. The artist's choice of a black and white color scheme adds a sense of depth and contrast to the image, emphasizing the flower's form and shape."
<PIL.PngImagePlugin.PngImageFile image mode=RGB size=256x256 at 0x7FCEC3426290>,apple,"['USER: <image>\nProvide a detailed description of the viewpoint and pose depicted in this sketch, including any unique angles or perspectives.\nASSISTANT:']"," The image features a sketch of an apple, likely a representation of a still life or a fruit still life. The apple is depicted in a close-up view, with a focus on its shape and texture. The sketch is done in black and white, which adds a sense of depth and contrast to the image. The apple is the main subject of the sketch, and its shape and details are the main focus of the artwork."
<PIL.PngImagePlugin.PngImageFile image mode=RGB size=256x256 at 0x7FCEC3425870>,sword,"['USER: <image>\nProvide a detailed description of the viewpoint and pose depicted in this sketch, including any unique angles or perspectives.\nASSISTANT:']"," The image features a person holding a sword, possibly a warrior or a character from a story. The sword is positioned horizontally, with the blade pointing towards the viewer. The person is standing in a defensive stance, with the sword held in front of them. The pose suggests that the person is prepared to engage in a battle or a confrontation, showcasing their readiness and skill with the weapon."
<PIL.PngImagePlugin.PngImageFile image mode=RGB size=256x256 at 0x7FCEC34265F0>,sword,"['USER: <image>\nProvide a detailed description of the viewpoint and pose depicted in this sketch, including any unique angles or perspectives.\nASSISTANT:']"," The sketch depicts a close-up view of a sword, with a focus on its blade. The sword is held in a two-handed grip, which is a common and strong way to hold a sword. The pose suggests that the person holding the sword is prepared for a fight or a training session. The unique angle and perspective of the sketch emphasize the details of the sword and its grip, making it an interesting and informative illustration."
<PIL.PngImagePlugin.PngImageFile image mode=RGB size=256x256 at 0x7FCEC3426A70>,banana,"['USER: <image>\nProvide a detailed description of the viewpoint and pose depicted in this sketch, including any unique angles or perspectives.\nASSISTANT:']"," The sketch depicts a unique perspective of a dragon, as it is shown from the dragon's own point of view. This gives the viewer a glimpse into the dragon's inner world, as it looks at its own wings and body. The dragon's wings are spread out, showcasing their size and strength. The overall composition of the sketch is visually striking, as it captures the essence of the dragon's form and"
<PIL.PngImagePlugin.PngImageFile image mode=RGB size=256x256 at 0x7FCEC34261A0>,motorcycle,"['USER: <image>\nProvide a detailed description of the viewpoint and pose depicted in this sketch, including any unique angles or perspectives.\nASSISTANT:']"," The image is a black and white sketch of a motorcycle. The viewpoint is from the side, with the motorcycle being the main focus. The sketch captures the motorcycle's design and structure, showcasing its various parts and components. The pose of the motorcycle is such that it appears to be parked or stationary, with the viewer looking at it from the side. The sketch provides a clear and detailed representation of the motorcycle, highlighting its unique features"
<PIL.PngImagePlugin.PngImageFile image mode=RGB size=256x256 at 0x7FCEC3426200>,squirrel,"['USER: <image>\nProvide a detailed description of the viewpoint and pose depicted in this sketch, including any unique angles or perspectives.\nASSISTANT:']"," The image features a black and white cat sitting on a white background. The cat is positioned in the center of the image, with its body facing the viewer. The cat appears to be looking at the viewer, giving the impression that it is aware of its surroundings and observing the viewer. The cat's posture and gaze create a sense of curiosity and engagement with the viewer."
<PIL.PngImagePlugin.PngImageFile image mode=RGB size=256x256 at 0x7FCEC3426320>,sailboat,"['USER: <image>\nProvide a detailed description of the viewpoint and pose depicted in this sketch, including any unique angles or perspectives.\nASSISTANT:']"," The image features a black and white sketch of a sailboat, with a unique perspective of the boat from the inside. The boat is shown from the inside, giving a sense of being on board. The sailboat is depicted in a minimalistic style, with the focus on the boat's structure and design. The sketch captures the essence of the sailboat, highlighting its distinct features and the overall composition of the scene."
<PIL.PngImagePlugin.PngImageFile image mode=RGB size=256x256 at 0x7FCEC3426470>,hot-air_balloon,"['USER: <image>\nProvide a detailed description of the viewpoint and pose depicted in this sketch, including any unique angles or perspectives.\nASSISTANT:']"," The image features a black and white sketch of a light bulb, which is a unique and creative perspective. The light bulb is depicted as a balloon, giving it a playful and whimsical appearance. The sketch captures the essence of the light bulb, showcasing its shape and structure in a simple yet artistic manner. The choice of black and white color scheme adds a sense of depth and contrast to the image, making it visually appealing"
<PIL.PngImagePlugin.PngImageFile image mode=RGB size=256x256 at 0x7FCEC3426110>,ray,"['USER: <image>\nProvide a detailed description of the viewpoint and pose depicted in this sketch, including any unique angles or perspectives.\nASSISTANT:']"," The image features a sketch of a whale, likely a humpback whale, with a unique perspective. The whale is shown from the side, with its head and mouth visible. The whale's head is positioned towards the left side of the image, while its mouth is located more towards the center. The sketch captures the whale's distinctive features, such as its large head and mouth, and the overall shape of the animal."
<PIL.PngImagePlugin.PngImageFile image mode=RGB size=256x256 at 0x7FCEC3425840>,butterfly,"['USER: <image>\nProvide a detailed description of the viewpoint and pose depicted in this sketch, including any unique angles or perspectives.\nASSISTANT:']"," The image features a black and white sketch of a butterfly. The butterfly is depicted in a unique angle, as it is shown from the side, rather than the traditional front view. The sketch captures the butterfly's wings and body, providing a detailed and artistic representation of the insect. The perspective and pose of the butterfly in the sketch create a visually appealing and interesting composition."
<PIL.PngImagePlugin.PngImageFile image mode=RGB size=256x256 at 0x7FCEC3426410>,bell,"['USER: <image>\nProvide a detailed description of the viewpoint and pose depicted in this sketch, including any unique angles or perspectives.\nASSISTANT:']"," The image features a close-up view of a bell, likely a church bell, with a unique perspective. The bell is depicted in a black and white color scheme, which adds a sense of depth and contrast to the scene. The bell is positioned in the center of the image, and its shape and size are emphasized by the contrasting colors. The overall composition of the sketch creates a visually striking and artistic representation of the bell."
<PIL.PngImagePlugin.PngImageFile image mode=RGB size=256x256 at 0x7FCEC3426260>,owl,"['USER: <image>\nProvide a detailed description of the viewpoint and pose depicted in this sketch, including any unique angles or perspectives.\nASSISTANT:']"," The sketch depicts a bird, specifically an owl, standing on its hind legs. The owl is facing the viewer, giving the impression that it is looking directly at the observer. The bird's posture and gaze create a sense of connection between the viewer and the owl, as if it is acknowledging the presence of the observer. The owl's wings are spread out, showcasing its wingspan and adding to the overall visual impact of"
<PIL.PngImagePlugin.PngImageFile image mode=RGB size=256x256 at 0x7FCEC34260E0>,banana,"['USER: <image>\nProvide a detailed description of the viewpoint and pose depicted in this sketch, including any unique angles or perspectives.\nASSISTANT:']"," The image features a black and white sketch of a person's torso, with a focus on the back and side view. The torso is depicted in a sideways position, giving the viewer a unique perspective on the body's structure. The sketch is likely an artistic representation of the human body, showcasing the various muscles and contours that make up the torso."
<PIL.PngImagePlugin.PngImageFile image mode=RGB size=256x256 at 0x7FCEC34260B0>,tree,"['USER: <image>\nProvide a detailed description of the viewpoint and pose depicted in this sketch, including any unique angles or perspectives.\nASSISTANT:']"," The image features a close-up view of a palm tree, with a focus on its trunk. The palm tree is depicted in a black and white style, giving it a classic and timeless appearance. The tree's trunk is the main subject of the sketch, and it is presented in a way that highlights its unique structure and texture. The sketch captures the essence of the palm tree, showcasing its beauty and natural charm."
<PIL.PngImagePlugin.PngImageFile image mode=RGB size=256x256 at 0x7FCEC3426500>,starfish,"['USER: <image>\nProvide a detailed description of the viewpoint and pose depicted in this sketch, including any unique angles or perspectives.\nASSISTANT:']"," The sketch depicts a unique perspective of a starfish, with the focus on the underside of the star. This viewpoint provides a different angle than the typical top-down view of a starfish. The starfish is shown in a black and white color scheme, which adds to the artistic and creative nature of the sketch. The artist has skillfully captured the intricate details of the starfish, making the sketch an interesting and visually appealing piece of art."
<PIL.PngImagePlugin.PngImageFile image mode=RGB size=256x256 at 0x7FCEC3425960>,pig,"['USER: <image>\nProvide a detailed description of the viewpoint and pose depicted in this sketch, including any unique angles or perspectives.\nASSISTANT:']"," The sketch depicts a unique perspective of a bear, as it is drawn from the bear's own point of view. This gives the viewer a glimpse into the bear's thoughts and emotions, as it looks at its own reflection in a mirror. The bear's head is prominently featured in the drawing, with its eyes and nose clearly visible. The sketch captures the bear's curiosity and interest in its own reflection, creating a captivating and"
<PIL.PngImagePlugin.PngImageFile image mode=RGB size=256x256 at 0x7FCEC3425F00>,bench,"['USER: <image>\nProvide a detailed description of the viewpoint and pose depicted in this sketch, including any unique angles or perspectives.\nASSISTANT:']"," The image is a black and white sketch of a couch, showcasing its design and structure. The couch is positioned in the center of the image, with its back facing the viewer. The sketch captures the essence of the couch, highlighting its shape and form. The perspective of the sketch is a side view, allowing the viewer to appreciate the couch's design and overall aesthetic."
<PIL.PngImagePlugin.PngImageFile image mode=RGB size=256x256 at 0x7FCEC3426350>,sword,"['USER: <image>\nProvide a detailed description of the viewpoint and pose depicted in this sketch, including any unique angles or perspectives.\nASSISTANT:']"," The image features a close-up view of a sword, with the blade prominently displayed. The sword is depicted in a side view, showcasing its length and design. The perspective of the image is unique, as it provides a detailed look at the sword, allowing the viewer to appreciate its intricate details and craftsmanship."
<PIL.PngImagePlugin.PngImageFile image mode=RGB size=256x256 at 0x7FCEC3425C60>,bicycle,"['USER: <image>\nProvide a detailed description of the viewpoint and pose depicted in this sketch, including any unique angles or perspectives.\nASSISTANT:']"," The sketch depicts a side view of a bicycle, with the bicycle's front wheel prominently visible. The bicycle is positioned in the center of the image, and the perspective is from the side, allowing the viewer to see the bike's structure and components. The unique angle and perspective of the sketch emphasize the bicycle's design and structure, making it an interesting and detailed illustration."
<PIL.PngImagePlugin.PngImageFile image mode=RGB size=256x256 at 0x7FCEC34263B0>,airplane,"['USER: <image>\nProvide a detailed description of the viewpoint and pose depicted in this sketch, including any unique angles or perspectives.\nASSISTANT:']"," The sketch depicts a side view of a large jet airplane. The artist has captured the airplane's wings and tail section, showcasing the plane's structure and design. The perspective is unique, as it provides a detailed look at the airplane's components, rather than focusing on the cockpit or nose of the aircraft. This side view allows the viewer to appreciate the engineering and craftsmanship that goes into creating such a massive and complex machine"
<PIL.PngImagePlugin.PngImageFile image mode=RGB size=256x256 at 0x7FCEC3425450>,duck,"['USER: <image>\nProvide a detailed description of the viewpoint and pose depicted in this sketch, including any unique angles or perspectives.\nASSISTANT:']"," The sketch depicts a bird, specifically a duck, standing on one leg. The bird is positioned in the center of the image, with its body facing the viewer. The unique angle and perspective of the sketch emphasize the bird's posture and the contrast between the bird's legs and body. This artistic choice creates a visually interesting and dynamic scene, capturing the viewer's attention."
<PIL.PngImagePlugin.PngImageFile image mode=RGB size=256x256 at 0x7FCEC3426830>,mouse,"['USER: <image>\nProvide a detailed description of the viewpoint and pose depicted in this sketch, including any unique angles or perspectives.\nASSISTANT:']"," The sketch depicts a mouse from a unique perspective, as it is shown from the mouse's own point of view. The mouse is captured in the act of looking up, possibly observing its surroundings or a potential threat. The drawing is in black and white, which adds to the artistic quality of the image. The sketch captures the mouse's small size and its natural curiosity, making it an interesting and engaging piece of art."
